Index;Latitude;Longitude;Distance from Tx [km];Terrain height [m a.s.l.]
0;49,6072630000033;19,958645;0;506
1;49,6072812773198;19,9600325055757;0,1;506
2;49,6072995380528;19,9614200121913;0,2;509
3;49,6073177822022;19,9628075198459;0,3;514
4;49,6073360097681;19,9641950285386;0,4;517
5;49,6073542207504;19,9655825382683;0,5;519
6;49,6073724151491;19,9669700490343;0,6;516
7;49,6073905929641;19,9683575608354;0,7;513
8;49,6074087541956;19,9697450736709;0,8;520
9;49,6074268988433;19,9711325875396;0,9;511
10;49,6074450269074;19,9725201024408;1;509
11;49,6074631383878;19,9739076183734;1,1;515
12;49,6074812332844;19,9752951353365;1,2;521
13;49,6074993115972;19,9766826533292;1,3;525
14;49,6075173733263;19,9780701723505;1,4;529
15;49,6075354184716;19,9794576923995;1,5;536
16;49,607553447033;19,9808452134752;1,6;545
17;49,6075714590106;19,9822327355768;1,7;545
18;49,6075894544043;19,9836202587031;1,8;559
19;49,6076074332142;19,9850077828534;1,9;562
20;49,6076253954401;19,9863953080267;2;576
21;49,607643341082;19,987782834222;2,1;584
22;49,60766127014;19,9891703614383;2,2;590
23;49,607679182614;19,9905578896748;2,3;580
24;49,607697078504;19,9919454189305;2,4;591
25;49,6077149578099;19,9933329492045;2,5;593
26;49,6077328205318;19,9947204804957;2,6;591
27;49,6077506666696;19,9961080128034;2,7;591
28;49,6077684962234;19,9974955461264;2,8;602
29;49,6077863091929;19,998883080464;2,9;609
30;49,6078041055784;20,0002706158151;3;616
31;49,6078218853796;20,0016581521788;3,1;627
32;49,6078396485967;20,0030456895541;3,2;633
33;49,6078573952296;20,0044332279401;3,3;628
34;49,6078751252782;20,005820767336;3,4;625
35;49,6078928387426;20,0072083077406;3,5;621
36;49,6079105356227;20,0085958491532;3,6;607
37;49,6079282159185;20,0099833915726;3,7;590
38;49,6079458796299;20,0113709349981;3,8;582
39;49,607963526757;20,0127584794286;3,9;577
40;49,6079811572998;20,0141460248633;4;579
41;49,6079987712581;20,0155335713011;4,1;577
42;49,608016368632;20,0169211187412;4,2;573
43;49,6080339494215;20,0183086671825;4,3;567
44;49,6080515136266;20,0196962166242;4,4;560
45;49,6080690612471;20,0210837670652;4,5;551
46;49,6080865922831;20,0224713185048;4,6;535
47;49,6081041067346;20,0238588709418;4,7;522
48;49,6081216046016;20,0252464243755;4,8;537
49;49,608139085884;20,0266339788047;4,9;550
50;49,6081565505818;20,0280215342286;5;558
51;49,608173998695;20,0294090906463;5,1;560
52;49,6081914302235;20,0307966480568;5,2;553
53;49,6082088451674;20,0321842064591;5,3;535
54;49,6082262435266;20,0335717658524;5,4;516
55;49,608243625301;20,0349593262356;5,5;520
56;49,6082609904908;20,0363468876079;5,6;526
57;49,6082783390958;20,0377344499682;5,7;540
58;49,6082956711161;20,0391220133157;5,8;551
59;49,6083129865515;20,0405095776494;5,9;558
60;49,6083302854022;20,0418971429683;6;569
61;49,608347567668;20,0432847092716;6,1;588
62;49,6083648333489;20,0446722765582;6,2;594
63;49,608382082445;20,0460598448273;6,3;603
64;49,6083993149562;20,0474474140779;6,4;615
65;49,6084165308824;20,0488349843089;6,5;618
66;49,6084337302237;20,0502225555196;6,6;610
67;49,60845091298;20,051610127709;6,7;601
68;49,6084680791514;20,0529977008761;6,8;588
69;49,6084852287377;20,0543852750199;6,9;579
70;49,608502361739;20,0557728501396;7;559
71;49,6085194781552;20,0571604262341;7,1;552
72;49,6085365779864;20,0585480033026;7,2;550
73;49,6085536612325;20,0599355813441;7,3;537
74;49,6085707278934;20,0613231603577;7,4;534
75;49,6085877779692;20,0627107403424;7,5;531
76;49,6086048114599;20,0640983212972;7,6;528
77;49,6086218283653;20,0654859032213;7,7;535
78;49,6086388286856;20,0668734861137;7,8;552
79;49,6086558124206;20,0682610699734;7,9;570
80;49,6086727795704;20,0696486547995;8;577
81;49,6086897301349;20,0710362405911;8,1;580
82;49,6087066641141;20,0724238273471;8,2;588
83;49,608723581508;20,0738114150668;8,3;598
84;49,6087404823166;20,0751990037491;8,4;597
85;49,6087573665398;20,076586593393;8,5;612
86;49,6087742341777;20,0779741839978;8,6;617
87;49,6087910852301;20,0793617755623;8,7;632
88;49,6088079196971;20,0807493680856;8,8;634
89;49,6088247375787;20,0821369615669;8,9;633
90;49,6088415388748;20,0835245560052;9;623
91;49,6088583235854;20,0849121513995;9,1;619
92;49,6088750917106;20,0862997477488;9,2;617
93;49,6088918432501;20,0876873450523;9,3;612
94;49,6089085782042;20,089074943309;9,4;598
95;49,6089252965727;20,090462542518;9,5;587
96;49,6089419983556;20,0918501426783;9,6;578
97;49,6089586835529;20,0932377437889;9,7;566
98;49,6089753521645;20,094625345849;9,8;556
99;49,6089920041905;20,0960129488575;9,9;553
100;49,6090086396308;20,0974005528136;10;542
101;49,6090252584854;20,0987881577163;10,1;548
102;49,6090418607544;20,1001757635647;10,2;549
103;49,6090584464375;20,1015633703578;10,3;564
104;49,6090750155349;20,1029509780946;10,4;573
105;49,6090915680466;20,1043385867742;10,5;579
106;49,6091081039724;20,1057261963958;10,6;587
107;49,6091246233124;20,1071138069583;10,7;592
108;49,6091411260666;20,1085014184607;10,8;593
109;49,6091576122349;20,1098890309023;10,9;591
110;49,6091740818173;20,1112766442819;11;584
111;49,6091905348138;20,1126642585987;11,1;574
112;49,6092069712244;20,1140518738517;11,2;571
113;49,609223391049;20,1154394900401;11,3;564
114;49,6092397942877;20,1168271071627;11,4;564
115;49,6092561809404;20,1182147252188;11,5;567
116;49,609272551007;20,1196023442073;11,6;580
117;49,6092889044877;20,1209899641273;11,7;571
118;49,6093052413823;20,1223775849778;11,8;566
119;49,6093215616908;20,123765206758;11,9;564
120;49,6093378654132;20,1251528294669;12;564
121;49,6093541525495;20,1265404531035;12,1;570
122;49,6093704230997;20,1279280776669;12,2;573
123;49,6093866770638;20,1293157031562;12,3;565
124;49,6094029144416;20,1307033295703;12,4;571
125;49,6094191352333;20,1320909569084;12,5;582
126;49,6094353394387;20,1334785851696;12,6;594
127;49,6094515270579;20,1348662143528;12,7;603
128;49,6094676980909;20,1362538444572;12,8;607
129;49,6094838525376;20,1376414754817;12,9;607
130;49,6094999903979;20,1390291074255;13;611
131;49,609516111672;20,1404167402876;13,1;619
132;49,6095322163597;20,1418043740671;13,2;631
133;49,6095483044611;20,1431920087629;13,3;612
134;49,609564375976;20,1445796443743;13,4;592
135;49,6095804309046;20,1459672809002;13,5;612
136;49,6095964692468;20,1473549183397;13,6;630
137;49,6096124910025;20,1487425566918;13,7;637
138;49,6096284961717;20,1501301959556;13,8;620
139;49,6096444847545;20,1515178361302;13,9;596
140;49,6096604567508;20,1529054772146;14;575
141;49,6096764121606;20,1542931192078;14,1;560
142;49,6096923509838;20,155680762109;14,2;557
143;49,6097082732204;20,1570684059172;14,3;565
144;49,6097241788705;20,1584560506315;14,4;585
145;49,609740067934;20,1598436962508;14,5;600
146;49,6097559404108;20,1612313427743;14,6;609
147;49,609771796301;20,162618990201;14,7;608
148;49,6097876356045;20,1640066385299;14,8;605
149;49,6098034583214;20,1653942877602;14,9;593
150;49,6098192644515;20,1667819378909;15;579
151;49,609835053995;20,168169588921;15,1;567
152;49,6098508269517;20,1695572408496;15,2;573
153;49,6098665833216;20,1709448936758;15,3;578
154;49,6098823231047;20,1723325473986;15,4;576
155;49,6098980463011;20,173720202017;15,5;578
156;49,6099137529106;20,1751078575302;15,6;585
157;49,6099294429333;20,1764955139372;15,7;589
158;49,6099451163691;20,177883171237;15,8;593
159;49,609960773218;20,1792708294286;15,9;588
160;49,60997641348;20,1806584885113;16;591
161;49,6099920371551;20,1820461484839;16,1;599
162;49,6100076442433;20,1834338093456;16,2;597
163;49,6100232347445;20,1848214710954;16,3;588
164;49,6100388086587;20,1862091337324;16,4;573
165;49,6100543659859;20,1875967972557;16,5;580
166;49,6100699067261;20,1889844616642;16,6;598
167;49,6100854308793;20,1903721269571;16,7;611
168;49,6101009384454;20,1917597931334;16,8;598
169;49,6101164294244;20,1931474601921;16,9;572
170;49,6101319038163;20,1945351281324;17;575
171;49,6101473616211;20,1959227969532;17,1;587
172;49,6101628028388;20,1973104666537;17,2;590
173;49,6101782274693;20,1986981372328;17,3;597
174;49,6101936355126;20,2000858086897;17,4;603
175;49,6102090269687;20,2014734810234;17,5;605
176;49,6102244018377;20,2028611542329;17,6;606
177;49,6102397601193;20,2042488283174;17,7;614
178;49,6102551018138;20,2056365032758;17,8;627
179;49,6102704269209;20,2070241791073;17,9;640
180;49,6102857354408;20,2084118558108;18;656
181;49,6103010273733;20,2097995333855;18,1;661
182;49,6103163027185;20,2111872118304;18,2;667
183;49,6103315614764;20,2125748911445;18,3;683
184;49,6103468036468;20,213962571327;18,4;698
185;49,6103620292299;20,2153502523768;18,5;690
186;49,6103772382256;20,216737934293;18,6;731
187;49,6103924306338;20,2181256170747;18,7;774
188;49,6104076064546;20,219513300721;18,8;782
189;49,610422765688;20,2209009852308;18,9;786
190;49,6104379083338;20,2222886706033;19;804
191;49,6104530343922;20,2236763568375;19,1;810
192;49,610468143863;20,2250640439325;19,2;804
193;49,6104832367462;20,2264517318872;19,3;782
194;49,6104983130419;20,2278394207009;19,4;763
195;49,61051337275;20,2292271103725;19,5;743
196;49,6105284158706;20,2306148009011;19,6;733
197;49,6105434424034;20,2320024922857;19,7;718
198;49,6105584523487;20,2333901845254;19,8;705
199;49,6105734457063;20,2347778776193;19,9;693
200;49,6105884224762;20,2361655715664;20;658
201;49,6106033826584;20,2375532663657;20,1;646
202;49,6106183262529;20,2389409620164;20,2;647
203;49,6106332532597;20,2403286585175;20,3;694
204;49,6106481636787;20,241716355868;20,4;718
205;49,61066305751;20,243104054067;20,5;743
206;49,6106779347534;20,2444917531136;20,6;780
207;49,610692795409;20,2458794530068;20,7;798
208;49,6107076394768;20,2472671537456;20,8;829
209;49,6107224669568;20,2486548553292;20,9;850
210;49,6107372778489;20,2500425577566;21;878
211;49,6107520721531;20,2514302610267;21,1;905
212;49,6107668498694;20,2528179651388;21,2;928
213;49,6107816109978;20,2542056700918;21,3;954
214;49,6107963555382;20,2555933758849;21,4;976
215;49,6108110834907;20,256981082517;21,5;984
216;49,6108257948552;20,2583687899872;21,6;992
217;49,6108404896317;20,2597564982946;21,7;1002
218;49,6108551678201;20,2611442074382;21,8;1002
219;49,6108698294206;20,2625319174171;21,9;1006
220;49,610884474433;20,2639196282303;22;1006
221;49,6108991028573;20,265307339877;22,1;998
222;49,6109137146935;20,2666950523561;22,2;988
223;49,6109283099416;20,2680827656667;22,3;958
224;49,6109428886016;20,2694704798079;22,4;926
225;49,6109574506735;20,2708581947787;22,5;899
226;49,6109719961571;20,2722459105782;22,6;850
227;49,6109865250526;20,2736336272054;22,7;836
228;49,6110010373599;20,2750213446595;22,8;819
229;49,611015533079;20,2764090629394;22,9;808
230;49,6110300122098;20,2777967820441;23;782
231;49,6110444747524;20,2791845019729;23,1;762
232;49,6110589207067;20,2805722227247;23,2;750
233;49,6110733500727;20,2819599442985;23,3;742
234;49,6110877628504;20,2833476666935;23,4;729
235;49,6111021590398;20,2847353899087;23,5;716
236;49,6111165386408;20,2861231139431;23,6;686
237;49,6111309016534;20,2875108387958;23,7;663
238;49,6111452480777;20,2888985644659;23,8;600
239;49,6111595779135;20,2902862909524;23,9;586
240;49,611173891161;20,2916740182544;24;552
241;49,61118818782;20,2930617463709;24,1;526
242;49,6112024678905;20,294449475301;24,2;530
243;49,6112167313726;20,2958372050437;24,3;539
244;49,6112309782662;20,2972249355981;24,4;556
245;49,6112452085712;20,2986126669633;24,5;575
246;49,6112594222878;20,3000003991383;24,6;586
247;49,6112736194157;20,3013881321222;24,7;597
248;49,6112877999552;20,3027758659139;24,8;607
249;49,611301963906;20,3041636005127;24,9;607
250;49,6113161112682;20,3055513359175;25;630
251;49,6113302420418;20,3069390721274;25,1;663
252;49,6113443562268;20,3083268091414;25,2;679
253;49,6113584538231;20,3097145469586;25,3;692
254;49,6113725348308;20,3111022855781;25,4;702
255;49,6113865992497;20,3124900249989;25,5;697
256;49,61140064708;20,3138777652201;25,6;663
257;49,6114146783215;20,3152655062407;25,7;632
258;49,6114286929743;20,3166532480598;25,8;616
259;49,6114426910383;20,3180409906764;25,9;598
260;49,6114566725135;20,3194287340897;26;583
261;49,6114706373999;20,3208164782986;26,1;570
262;49,6114845856976;20,3222042233022;26,2;612
263;49,6114985174063;20,3235919690995;26,3;672
264;49,6115124325263;20,3249797156897;26,4;699
265;49,6115263310574;20,3263674630718;26,5;681
266;49,6115402129995;20,3277552112448;26,6;663
267;49,6115540783528;20,3291429602078;26,7;645
268;49,6115679271172;20,3305307099598;26,8;644
269;49,6115817592926;20,3319184605;26,9;655
270;49,611595574879;20,3333062118273;27;682
271;49,6116093738765;20,3346939639408;27,1;712
272;49,611623156285;20,3360817168396;27,2;748
273;49,6116369221045;20,3374694705227;27,3;765
274;49,611650671335;20,3388572249892;27,4;766
275;49,6116644039764;20,3402449802382;27,5;744
276;49,6116781200288;20,3416327362686;27,6;701
277;49,6116918194921;20,3430204930796;27,7;672
278;49,6117055023662;20,3444082506702;27,8;649
279;49,6117191686513;20,3457960090395;27,9;630
280;49,6117328183472;20,3471837681865;28;610
281;49,611746451454;20,3485715281103;28,1;584
282;49,6117600679717;20,3499592888099;28,2;605
283;49,6117736679001;20,3513470502844;28,3;646
284;49,6117872512393;20,3527348125329;28,4;673
285;49,6118008179894;20,3541225755543;28,5;710
286;49,6118143681502;20,3555103393478;28,6;741
287;49,6118279017217;20,3568981039124;28,7;775
288;49,611841418704;20,3582858692472;28,8;795
289;49,611854919097;20,3596736353513;28,9;827
290;49,6118684029007;20,3610614022236;29;838
291;49,611881870115;20,3624491698632;29,1;846
292;49,6118953207401;20,3638369382693;29,2;855
293;49,6119087547757;20,3652247074408;29,3;849
294;49,6119221722221;20,3666124773768;29,4;841
295;49,611935573079;20,3680002480764;29,5;841
296;49,6119489573465;20,3693880195386;29,6;833
297;49,6119623250246;20,3707757917624;29,7;827
298;49,6119756761132;20,372163564747;29,8;813
299;49,6119890106124;20,3735513384914;29,9;817
300;49,6120023285222;20,3749391129947;30;815
301;49,6120156298424;20,3763268882558;30,1;822
302;49,6120289145731;20,3777146642739;30,2;860
303;49,6120421827143;20,379102441048;30,3;902
304;49,612055434266;20,3804902185772;30,4;921
305;49,6120686692281;20,3818779968605;30,5;922
306;49,6120818876007;20,383265775897;30,6;931
307;49,6120950893836;20,3846535556857;30,7;928
308;49,6121082745769;20,3860413362257;30,8;927
309;49,6121214431807;20,3874291175161;30,9;920
310;49,6121345951947;20,3888168995559;31;919
311;49,6121477306192;20,3902046823441;31,1;916
312;49,6121608494539;20,3915924658799;31,2;906
313;49,612173951699;20,3929802501622;31,3;885
314;49,6121870373543;20,3943680351901;31,4;864
315;49,6122001064199;20,3957558209628;31,5;836
316;49,6122131588958;20,3971436074792;31,6;798
317;49,612226194782;20,3985313947384;31,7;751
318;49,6122392140783;20,3999191827394;31,8;722
319;49,6122522167849;20,4013069714813;31,9;687
320;49,6122652029016;20,4026947609633;32;695
321;49,6122781724286;20,4040825511842;32,1;718
322;49,6122911253657;20,4054703421432;32,2;741
323;49,6123040617129;20,4068581338394;32,3;730
324;49,6123169814703;20,4082459262717;32,4;744
325;49,6123298846378;20,4096337194393;32,5;781
326;49,6123427712154;20,4110215133412;32,6;810
327;49,612355641203;20,4124093079764;32,7;794
328;49,6123684946008;20,4137971033441;32,8;791
329;49,6123813314085;20,4151848994432;32,9;784
330;49,6123941516263;20,4165726962729;33;798
331;49,6124069552541;20,4179604938321;33,1;791
332;49,612419742292;20,41934829212;33,2;803
333;49,6124325127398;20,4207360911356;33,3;814
334;49,6124452665975;20,4221238908779;33,4;817
335;49,6124580038652;20,4235116913461;33,5;798
336;49,6124707245429;20,4248994925391;33,6;768
337;49,6124834286304;20,426287294456;33,7;765
338;49,6124961161279;20,4276750970959;33,8;766
339;49,6125087870352;20,4290629004578;33,9;751
340;49,6125214413524;20,4304507045408;34;729
341;49,6125340790795;20,4318385093439;34,1;712
342;49,6125467002164;20,4332263148663;34,2;697
343;49,6125593047632;20,4346141211069;34,3;700
344;49,6125718927197;20,4360019280648;34,4;677
345;49,612584464086;20,4373897357391;34,5;635
346;49,6125970188621;20,4387775441288;34,6;606
347;49,6126095570479;20,4401653532329;34,7;577
348;49,6126220786435;20,4415531630507;34,8;557
349;49,6126345836488;20,442940973581;34,9;552
350;49,6126470720639;20,4443287848229;35;582
351;49,6126595438886;20,4457165967755;35,1;598
352;49,612671999123;20,447104409438;35,2;613
353;49,612684437767;20,4484922228092;35,3;612
354;49,6126968598207;20,4498800368883;35,4;614
355;49,6127092652841;20,4512678516743;35,5;652
356;49,612721654157;20,4526556671663;35,6;680
357;49,6127340264396;20,4540434833633;35,7;672
358;49,6127463821317;20,4554313002644;35,8;671
359;49,6127587212334;20,4568191178687;35,9;690
360;49,6127710437447;20,4582069361752;36;695
361;49,6127833496654;20,4595947551829;36,1;702
362;49,6127956389957;20,460982574891;36,2;700
363;49,6128079117356;20,4623703952984;36,3;690
364;49,6128201678849;20,4637582164042;36,4;688
365;49,6128324074436;20,4651460382076;36,5;677
366;49,6128446304119;20,4665338607074;36,6;661
367;49,6128568367896;20,4679216839029;36,7;654
368;49,6128690265767;20,469309507793;36,8;624
369;49,6128811997732;20,4706973323769;36,9;589
370;49,6128933563791;20,4720851576535;37;547
371;49,6129054963944;20,4734729836219;37,1;519
372;49,6129176198191;20,4748608102812;37,2;503
373;49,6129297266531;20,4762486376304;37,3;489
374;49,6129418168964;20,4776364656686;37,4;470
375;49,6129538905491;20,4790242943949;37,5;470
376;49,6129659476111;20,4804121238082;37,6;470
377;49,6129779880823;20,4817999539077;37,7;473
378;49,6129900119629;20,4831877846924;37,8;478
379;49,6130020192527;20,4845756161614;37,9;496
380;49,6130140099517;20,4859634483137;38;514
381;49,61302598406;20,4873512811484;38,1;522
382;49,6130379415775;20,4887391146645;38,2;518
383;49,6130498825041;20,4901269488611;38,3;515
384;49,61306180684;20,4915147837372;38,4;501
385;49,613073714585;20,492902619292;38,5;482
386;49,6130856057392;20,4942904555244;38,6;468
387;49,6130974803025;20,4956782924335;38,7;454
388;49,613109338275;20,4970661300184;38,8;446
389;49,6131211796565;20,4984539682781;38,9;443
390;49,6131330044472;20,4998418072116;39;447
391;49,6131448126469;20,5012296468182;39,1;445
392;49,6131566042557;20,5026174870967;39,2;445
393;49,6131683792735;20,5040053280462;39,3;440
394;49,6131801377004;20,5053931696659;39,4;435
395;49,6131918795363;20,5067810119547;39,5;436
396;49,6132036047812;20,5081688549117;39,6;424
397;49,613215313435;20,509556698536;39,7;416
398;49,6132270054979;20,5109445428267;39,8;411
399;49,6132386809697;20,5123323877827;39,9;394
400;49,6132503398504;20,5137202334031;40;393
401;49,6132619821401;20,5151080796871;40,1;388
402;49,6132736078387;20,5164959266336;40,2;389
403;49,6132852169462;20,5178837742417;40,3;389
404;49,6132968094626;20,5192716225104;40,4;398
405;49,6133083853878;20,5206594714389;40,5;396
406;49,613319944722;20,5220473210261;40,6;396
407;49,6133314874649;20,5234351712712;40,7;411
408;49,6133430136167;20,5248230221731;40,8;423
409;49,6133545231772;20,526210873731;40,9;436
410;49,6133660161466;20,5275987259439;41;433
411;49,6133774925248;20,5289865788108;41,1;444
412;49,6133889523117;20,5303744323309;41,2;441
413;49,6134003955074;20,5317622865031;41,3;444
414;49,6134118221118;20,5331501413265;41,4;455
415;49,6134232321249;20,5345379968002;41,5;447
416;49,6134346255468;20,5359258529232;41,6;457
417;49,6134460023774;20,5373137096946;41,7;449
418;49,6134573626166;20,5387015671134;41,8;434
419;49,6134687062645;20,5400894251788;41,9;428
420;49,613480033321;20,5414772838897;42;421
421;49,6134913437862;20,5428651432452;42,1;425
422;49,61350263766;20,5442530032443;42,2;407
423;49,6135139149425;20,5456408638862;42,3;412
424;49,6135251756335;20,5470287251699;42,4;423
425;49,6135364197331;20,5484165870943;42,5;423
426;49,6135476472412;20,5498044496587;42,6;423
427;49,6135588581579;20,551192312862;42,7;419
428;49,6135700524832;20,5525801767033;42,8;416
429;49,613581230217;20,5539680411817;42,9;410
430;49,6135923913593;20,5553559062961;43;394
431;49,61360353591;20,5567437720458;43,1;368
432;49,6136146638693;20,5581316384296;43,2;376
433;49,613625775237;20,5595195054468;43,3;364
434;49,6136368700132;20,5609073730962;43,4;377
435;49,6136479481978;20,562295241377;43,5;409
436;49,6136590097909;20,5636831102883;43,6;419
437;49,6136700547923;20,5650709798291;43,7;427
438;49,6136810832022;20,5664588499984;43,8;441
439;49,6136920950204;20,5678467207954;43,9;434
440;49,613703090247;20,569234592219;44;434
441;49,613714068882;20,5706224642683;44,1;426
442;49,6137250309253;20,5720103369424;44,2;411
443;49,6137359763769;20,5733982102403;44,3;381
444;49,6137469052368;20,5747860841612;44,4;375
445;49,6137578175051;20,5761739587039;44,5;390
446;49,6137687131816;20,5775618338677;44,6;418
447;49,6137795922664;20,5789497096515;44,7;429
448;49,6137904547595;20,5803375860544;44,8;442
449;49,6138013006608;20,5817254630755;44,9;446
450;49,6138121299703;20,5831133407138;45;442
451;49,6138229426881;20,5845012189684;45,1;437
452;49,613833738814;20,5858890978383;45,2;405
453;49,6138445183482;20,5872769773226;45,3;395
454;49,6138552812905;20,5886648574203;45,4;388
455;49,6138660276409;20,5900527381306;45,5;385
456;49,6138767573996;20,5914406194524;45,6;362
457;49,6138874705663;20,5928285013848;45,7;353
458;49,6138981671412;20,5942163839268;45,8;373
459;49,6139088471242;20,5956042670776;45,9;385
460;49,6139195105153;20,5969921508362;46;390
461;49,6139301573145;20,5983800352016;46,1;401
462;49,6139407875217;20,5997679201729;46,2;422
463;49,613951401137;20,6011558057491;46,3;415
464;49,6139619981603;20,6025436919293;46,4;415
465;49,6139725785917;20,6039315787126;46,5;419
466;49,613983142431;20,605319466098;46,6;439
467;49,6139936896784;20,6067073540845;46,7;448
468;49,6140042203338;20,6080952426713;46,8;438
469;49,6140147343971;20,6094831318573;46,9;433
470;49,6140252318684;20,6108710216417;47;418
471;49,6140357127476;20,6122589120235;47,1;401
472;49,6140461770348;20,6136468030017;47,2;390
473;49,6140566247299;20,6150346945754;47,3;381
474;49,6140670558329;20,6164225867436;47,4;385
475;49,6140774703438;20,6178104795055;47,5;376
476;49,6140878682625;20,61919837286;47,6;359
477;49,6140982495892;20,6205862668063;47,7;333
478;49,6141086143237;20,6219741613433;47,8;330
479;49,614118962466;20,6233620564702;47,9;315
480;49,6141292940161;20,6247499521859;48;315
481;49,6141396089741;20,6261378484896;48,1;302
482;49,6141499073399;20,6275257453803;48,2;305
483;49,6141601891135;20,628913642857;48,3;306
484;49,6141704542948;20,6303015409189;48,4;301
485;49,6141807028839;20,6316894395649;48,5;299
486;49,6141909348808;20,6330773387941;48,6;290
487;49,6142011502854;20,6344652386056;48,7;289
488;49,6142113490977;20,6358531389984;48,8;290
489;49,6142215313177;20,6372410399716;48,9;288
490;49,6142316969454;20,6386289415243;49;285
491;49,6142418459808;20,6400168436554;49,1;300
492;49,6142519784239;20,6414047463641;49,2;284
493;49,6142620942746;20,6427926496494;49,3;284
494;49,614272193533;20,6441805535104;49,4;286
495;49,614282276199;20,6455684579461;49,5;292
496;49,6142923422727;20,6469563629556;49,6;281
497;49,6143023917539;20,6483442685379;49,7;285
498;49,6143124246428;20,6497321746921;49,8;281
499;49,6143224409392;20,6511200814172;49,9;278
500;49,6143324406432;20,6525079887123;50;285
501;49,6143424237547;20,6538958965765;50,1;275
502;49,6143523902738;20,6552838050087;50,2;285
503;49,6143623402005;20,6566717140082;50,3;298
504;49,6143722735346;20,6580596235738;50,4;306
505;49,6143821902763;20,6594475337047;50,5;313
506;49,6143920904254;20,6608354444;50,6;294
507;49,6144019739821;20,6622233556586;50,7;306
508;49,6144118409462;20,6636112674797;50,8;290
509;49,6144216913177;20,6649991798623;50,9;279
510;49,6144315250967;20,6663870928054;51;281
511;49,6144413422832;20,6677750063081;51,1;275
512;49,614451142877;20,6691629203695;51,2;271
513;49,6144609268783;20,6705508349886;51,3;272
514;49,6144706942869;20,6719387501645;51,4;275
515;49,6144804451029;20,6733266658962;51,5;278
516;49,6144901793264;20,6747145821828;51,6;273
517;49,6144998969571;20,6761024990233;51,7;312
518;49,6145095979952;20,6774904164168;51,8;301
519;49,6145192824407;20,6788783343623;51,9;312
520;49,6145289502934;20,680266252859;52;302
521;49,6145386015535;20,6816541719058;52,1;275
522;49,6145482362209;20,6830420915019;52,2;276
523;49,6145578542955;20,6844300116462;52,3;275
524;49,6145674557774;20,6858179323378;52,4;286
525;49,6145770406666;20,6872058535758;52,5;282
526;49,614586608963;20,6885937753592;52,6;280
527;49,6145961606667;20,6899816976872;52,7;284
528;49,6146056957776;20,6913696205587;52,8;284
529;49,6146152142957;20,6927575439727;52,9;278
530;49,614624716221;20,6941454679285;53;289
531;49,6146342015535;20,6955333924249;53,1;291
532;49,6146436702931;20,6969213174612;53,2;302
533;49,6146531224399;20,6983092430362;53,3;311
534;49,6146625579939;20,6996971691491;53,4;312
535;49,614671976955;20,701085095799;53,5;305
536;49,6146813793232;20,7024730229848;53,6;308
537;49,6146907650986;20,7038609507057;53,7;316
538;49,614700134281;20,7052488789607;53,8;301
539;49,6147094868706;20,7066368077489;53,9;304
540;49,6147188228672;20,7080247370692;54;310
541;49,6147281422709;20,7094126669208;54,1;312
542;49,6147374450816;20,7108005973028;54,2;305
543;49,6147467312994;20,7121885282141;54,3;319
544;49,6147560009243;20,7135764596539;54,4;313
545;49,6147609996223;20,7143259428507;54,454;310
